Workbook

Sheet Backlog
A1: ID | B1: Phase | C1: Epic | D1: Sprint | E1: Title (GitHub issue title) | F1: User Story | G1: Acceptance Criteria | H1: Priority (MoSCoW) | I1: Story Points | J1: Labels | K1: Status
A2: SLX-A1 | B2: Phase 1: MVP | C2: A: Repository Understanding | D2: Sprint 1 | E2: Index the repository | F2: As a developer, I want the agent to index my repository, so that it can retrieve relevant code without needing the entire codebase in context. | G2: Given a repo path, the system builds a searchable index (file + symbol + embedding based) within a reasonable time for repos up to X files. | H2: Must | I2: 5 | J2: epic:repo-understanding, priority:must, type:feature, phase:1 | K2: Done
A3: SLX-A2 | B3: Phase 1: MVP | C3: A: Repository Understanding | D3: Sprint 2 | E3: Retrieve relevant files for a task | F3: As a developer, I want the agent to find the right files for a given task automatically, so that I don't have to manually point it at the relevant code. | G3: Given a task description, the top-N retrieved files include the file(s) actually requiring changes, verified against a labeled test set. | H3: Must | I3: 5 | J3: epic:repo-understanding, priority:must, type:feature, phase:1 | K3: Done
A4: SLX-A3 | B4: Phase 1: MVP | C4: A: Repository Understanding | D4: Sprint 3 | E4: Respect project conventions | F4: As a developer, I want the agent to understand project conventions (style, structure, existing patterns), so that its changes fit naturally into the codebase. | G4: Agent-authored code passes the project's existing linter without manual fixes in the common case. | H4: Should | I4: 3 | J4: epic:repo-understanding, priority:should, type:feature, phase:1 | K4: Done
A5: SLX-B1 | B5: Phase 1: MVP | C5: B: Requirement Understanding | D5: Sprint 2 | E5: Accept plain-language task input | F5: As a developer, I want to give the agent a plain-language description of a feature or bug, so that I don't have to write a formal spec. | G5: Free-text input is accepted; agent produces a task plan before making changes. | H5: Must | I5: 2 | J5: epic:requirement-understanding, priority:must, type:feature, phase:1 | K5: Done
A6: SLX-B2 | B6: Phase 1: MVP | C6: B: Requirement Understanding | D6: Sprint 8 | E6: Ask clarifying questions on ambiguity | F6: As a developer, I want the agent to ask clarifying questions when a requirement is ambiguous, so that it doesn't guess wrong and waste a cycle. | G6: If confidence in scope is low (e.g. multiple valid interpretations), agent surfaces a question instead of proceeding blindly. | H6: Should | I6: 3 | J6: epic:requirement-understanding, priority:should, type:feature, phase:1 | K6: Done
A7: SLX-B3 | B7: Phase 1: MVP | C7: B: Requirement Understanding | D7: Sprint 2 | E7: Produce a reviewable task plan | F7: As a tech lead, I want the agent to break a larger requirement into a task plan I can review before it starts editing, so that I can catch scope issues early. | G7: Agent outputs an ordered plan (files to touch, approach) before any code is modified, and waits for approval if the task is flagged as large/risky. | H7: Must | I7: 5 | J7: epic:requirement-understanding, priority:must, type:feature, phase:1 | K7: Done
A8: SLX-C1 | B8: Phase 1: MVP | C8: C: Code Modification | D8: Sprint 3 | E8: Generate diffs, not full-file rewrites | F8: As a developer, I want the agent to generate a code diff (not full-file rewrites), so that changes are minimal and reviewable. | G8: Output is a unified diff/patch, not a full file replacement, except when creating new files. | H8: Must | I8: 5 | J8: epic:code-modification, priority:must, type:feature, phase:1 | K8: Done
A9: SLX-C2 | B9: Phase 1: MVP | C9: C: Code Modification | D9: Sprint 7 | E9: Write/update tests alongside changes | F9: As a developer, I want the agent to write or update tests alongside code changes, so that the change is verifiable and future-proof. | G9: For any behavior change, at least one corresponding test is added or updated. | H9: Should | I9: 5 | J9: epic:code-modification, priority:should, type:feature, phase:1 | K9: Done
A10: SLX-C3 | B10: Phase 1: MVP | C10: C: Code Modification | D10: Sprint 4 | E10: Run test suite after edits | F10: As a developer, I want the agent to run the existing test suite after making changes, so that regressions are caught immediately. | G10: Test suite runs automatically post-edit; results (pass/fail + output) are captured. | H10: Must | I10: 3 | J10: epic:code-modification, priority:must, type:feature, phase:1 | K10: Done
A11: SLX-C4 | B11: Phase 1: MVP | C11: C: Code Modification | D11: Sprint 4 | E11: Retry and self-correct on failure | F11: As a developer, I want the agent to retry and self-correct when tests fail, so that I don't have to manually debug its first attempt. | G11: On failure, error output is fed back to the reasoning engine, which proposes a revised diff, up to a configurable retry limit. | H11: Must | I11: 5 | J11: epic:code-modification, priority:must, type:feature, phase:1 | K11: Done
A12: SLX-D1 | B12: Phase 1: MVP | C12: D: Human Oversight & Trust | D12: Sprint 6 | E12: Deliver changes as pull requests | F12: As a tech lead, I want every agent change delivered as a pull request, so that a human always reviews before merge. | G12: No commits land on protected branches without PR + approval flow. | H12: Must | I12: 3 | J12: epic:human-oversight, priority:must, type:feature, phase:1 | K12: Done
... A41: SLX-C7 | B41: Phase 1: MVP | C41: C: Code Modification | D41: Sprint 7 | E41: Detect tolerance/rounding-wrapper assertion-gaming | F41: As a developer, I want the system to also flag a retry that makes a failing assertion pass by wrapping the comparison in a tolerance/rounding mechanism (round(), pytest.approx, abs(x-y)<epsilon, or similar) rather than fixing the implementation, so that this style of gaming — found during SLX-C5's smoke test to be this model's more common default cheating behavior, more common than the literal-value swap SLX-C5 already catches — does not silently pass undetected. | G41: Given a retry attempt whose diff introduces a tolerance/rounding wrapper (round(), pytest.approx, math.isclose, or an inline absolute-difference-under-epsilon pattern) around a comparison in the same assertion where the previous attempt failed on an exact-equality check, the step result flags this explicitly (with the before/after assertion text), even if the test suite ultimately passes — reusing SLX-C5's existing assertion_gaming_suspected/assertion_gaming_details fields and "Needs attention" PR surfacing rather than inventing a new mechanism. | H41: Should | I41: 5 | J41: epic:code-modification, priority:should, type:bug, phase:1 | K41: To Do

Sheet Sprint Overview
A1: Sprint | B1: Phase | C1: Focus | D1: Story Count | E1: Total Story Points
A2: Sprint 1 | B2: Phase 1: MVP | C2: Repo indexer (chunking + embeddings + symbol index) | D2: =COUNTIF(Backlog!D:D,A2) -> 1 | E2: =SUMIF(Backlog!D:D,A2,Backlog!I:I) -> 0
A3: Sprint 2 | B3: Phase 1: MVP | C3: Context assembler + planner + plain-language input | D3: =COUNTIF(Backlog!D:D,A3) -> 5 | E3: =SUMIF(Backlog!D:D,A3,Backlog!I:I) -> 0
A4: Sprint 3 | B4: Phase 1: MVP | C4: Editor diffs + project convention handling | D4: =COUNTIF(Backlog!D:D,A4) -> 2 | E4: =SUMIF(Backlog!D:D,A4,Backlog!I:I) -> 0
A5: Sprint 4 | B5: Phase 1: MVP | C5: Test runner integration + retry loop | D5: =COUNTIF(Backlog!D:D,A5) -> 2 | E5: =SUMIF(Backlog!D:D,A5,Backlog!I:I) -> 0
A6: Sprint 5 | B6: Phase 1: MVP | C6: Guardrails (sandbox, confirmations, retry cap, path config) | D6: =COUNTIF(Backlog!D:D,A6) -> 4 | E6: =SUMIF(Backlog!D:D,A6,Backlog!I:I) -> 0
A7: Sprint 6 | B7: Phase 1: MVP | C7: PR builder, CLI, live progress, reasoning trace | D7: =COUNTIF(Backlog!D:D,A7) -> 5 | E7: =SUMIF(Backlog!D:D,A7,Backlog!I:I) -> 0
A8: Sprint 7 | B8: Phase 1: MVP | C8: Golden-task benchmark + test generation | D8: =COUNTIF(Backlog!D:D,A8) -> 4 | E8: =SUMIF(Backlog!D:D,A8,Backlog!I:I) -> 0
A9: Sprint 8 | B9: Phase 1: MVP | C9: Clarifying questions, PR feedback loop, outcomes dashboard | D9: =COUNTIF(Backlog!D:D,A9) -> 3 | E9: =SUMIF(Backlog!D:D,A9,Backlog!I:I) -> 0
A10: Sprint 9 | B10: Phase 2: Trust & UX | C10: GitHub App integration + browsable reasoning trace | D10: =COUNTIF(Backlog!D:D,A10) -> 2 | E10: =SUMIF(Backlog!D:D,A10,Backlog!I:I) -> 0
A11: Sprint 10 | B11: Phase 2: Trust & UX | C11: Multi-file/multi-step tasks + conventions doc support | D11: =COUNTIF(Backlog!D:D,A11) -> 2 | E11: =SUMIF(Backlog!D:D,A11,Backlog!I:I) -> 0
A12: Sprint 11 | B12: Phase 2: Trust & UX | C12: Per-path approvals + notification integrations | D12: =COUNTIF(Backlog!D:D,A12) -> 2 | E12: =SUMIF(Backlog!D:D,A12,Backlog!I:I) -> 0
A13: Sprint 12 | B13: Phase 2: Trust & UX | C13: Web dashboard for task history | D13: =COUNTIF(Backlog!D:D,A13) -> 1 | E13: =SUMIF(Backlog!D:D,A13,Backlog!I:I) -> 0
... A16: Sprint 15 | B16: Phase 3: Scale & Autonomy | C16: Cross-repo dependency awareness + setup wizard | D16: =COUNTIF(Backlog!D:D,A16) -> 3 | E16: =SUMIF(Backlog!D:D,A16,Backlog!I:I) -> 0
A17: Total | D17: =SUM(D2:D16) -> 40 | E17: =SUM(E2:E16) -> 0

Sheet Phase Overview
A1: Phase | B1: Story Count | C1: Total Story Points | D1: Must | E1: Should | F1: Could
A2: Phase 1: MVP | B2: =COUNTIF(Backlog!B:B,A2) -> 26 | C2: =SUMIF(Backlog!B:B,A2,Backlog!I:I) -> 0 | D2: =COUNTIFS(Backlog!B:B,A2,Backlog!H:H,"Must") -> 13 | E2: =COUNTIFS(Backlog!B:B,A2,Backlog!H:H,"Should") -> 11 | F2: =COUNTIFS(Backlog!B:B,A2,Backlog!H:H,"Could") -> 2
A3: Phase 2: Trust & UX | B3: =COUNTIF(Backlog!B:B,A3) -> 7 | C3: =SUMIF(Backlog!B:B,A3,Backlog!I:I) -> 0 | D3: =COUNTIFS(Backlog!B:B,A3,Backlog!H:H,"Must") -> 2 | E3: =COUNTIFS(Backlog!B:B,A3,Backlog!H:H,"Should") -> 3 | F3: =COUNTIFS(Backlog!B:B,A3,Backlog!H:H,"Could") -> 2
A4: Phase 3: Scale & Autonomy | B4: =COUNTIF(Backlog!B:B,A4) -> 7 | C4: =SUMIF(Backlog!B:B,A4,Backlog!I:I) -> 0 | D4: =COUNTIFS(Backlog!B:B,A4,Backlog!H:H,"Must") -> 2 | E4: =COUNTIFS(Backlog!B:B,A4,Backlog!H:H,"Should") -> 2 | F4: =COUNTIFS(Backlog!B:B,A4,Backlog!H:H,"Could") -> 3
A5: Total | B5: =SUM(B2:B4) -> 40 | C5: =SUM(C2:C4) -> 0 | D5: =SUM(D2:D4) -> 17 | E5: =SUM(E2:E4) -> 16 | F5: =SUM(F2:F4) -> 7
